linear pool,Centronycteris centralis,0.15985614339196433
FDFyaiOK1meiZh3,Centronycteris centralis,0.6687150000000017
GKKyGHWtpfIG3Wu,Centronycteris centralis,0.13849491999999988
UhqBszGWAV7ssWv,Centronycteris centralis,0.16953299999999988
Wlx2mlaEC2phUPz,Centronycteris centralis,0.7822430000000016
4AWV3vZPdJc9vE0,Centronycteris centralis,0.8229690000000005
OSxvs7oEKAPZPv6,Centronycteris centralis,0.3593249999999999
0Jt806BefXEix5s,Centronycteris centralis,1.2858709999999978
CMDizkyMX6dQuxi,Centronycteris centralis,0.2343999999999999
UPyaHz2d9UU3e56,Centronycteris centralis,0.2863539999999999
linear pool,Lasiurus cinereus,0.0664583015898409
jNlkIfVsfeLgJbj,Lasiurus cinereus,1.791554999999999
GKKyGHWtpfIG3Wu,Lasiurus cinereus,0.5164340000000003
XyhCW0PHUtVw9Tj,Lasiurus cinereus,0.003574999999999997
Wlx2mlaEC2phUPz,Lasiurus cinereus,1.4290649999999991
4AWV3vZPdJc9vE0,Lasiurus cinereus,0.3175457199999999
xSCXILAei4NZMw2,Lasiurus cinereus,1.2177039999999983
3YYLpKBrhddOTqp,Lasiurus cinereus,2.6434949999999984
C7vRyRMQgycbE9a,Lasiurus cinereus,0.2014319999999999
OSxvs7oEKAPZPv6,Lasiurus cinereus,0.2458199999999999
DaJhXwN6qank1rN,Lasiurus cinereus,0.42015297999999984
pZSZ2S7XtDpnG1c,Lasiurus cinereus,0.04870144999999991
LsgX2odo0mnYaP5,Lasiurus cinereus,0.7242450000000002
CMDizkyMX6dQuxi,Lasiurus cinereus,0.32200399999999996
qexQ7smFsz1oQIt,Lasiurus cinereus,0.11621008999999996
UPyaHz2d9UU3e56,Lasiurus cinereus,0.6000560000000013
LGf03kcKcQgso3t,Lasiurus cinereus,0.06548925999999988
auarZ53DQoE8Z8j,Lasiurus cinereus,0.02045000000000003
linear pool,Tadarida brasiliensis,0.16622861355302798
GKKyGHWtpfIG3Wu,Tadarida brasiliensis,0.24426659999999992
Oug0a3aapOqUZMY,Tadarida brasiliensis,0.7552556600000004
XTaUBzmTCU0Eb9H,Tadarida brasiliensis,0.5646105199999999
Wlx2mlaEC2phUPz,Tadarida brasiliensis,1.5879795
jNlkIfVsfeLgJbj,Tadarida brasiliensis,1.6143829999999997
4AWV3vZPdJc9vE0,Tadarida brasiliensis,0.7225390000000003
DaJhXwN6qank1rN,Tadarida brasiliensis,0.6241435200000003
LsgX2odo0mnYaP5,Tadarida brasiliensis,1.0654890000000001
pZSZ2S7XtDpnG1c,Tadarida brasiliensis,0.0463901999999999
UPyaHz2d9UU3e56,Tadarida brasiliensis,0.8800810000000011
qexQ7smFsz1oQIt,Tadarida brasiliensis,0.12543952999999997
3YYLpKBrhddOTqp,Tadarida brasiliensis,1.1833150000000006
xrpNBpZuCR6uzGO,Tadarida brasiliensis,1.4952833999999997
GtYTUkO0Hz0or23,Tadarida brasiliensis,0.013475000000000018
auarZ53DQoE8Z8j,Tadarida brasiliensis,0.008380000000000012
linear pool,Myotis fortidens,0.09911637535751659
GKKyGHWtpfIG3Wu,Myotis fortidens,0.4601531999999999
lP9lkuUgw1KscQC,Myotis fortidens,0.13427606999999991
Wlx2mlaEC2phUPz,Myotis fortidens,1.1138750000000004
4AWV3vZPdJc9vE0,Myotis fortidens,1.2301540500000003
Oug0a3aapOqUZMY,Myotis fortidens,0.2514145
XTaUBzmTCU0Eb9H,Myotis fortidens,0.13073927999999999
CMDizkyMX6dQuxi,Myotis fortidens,0.025192350000000027
UPyaHz2d9UU3e56,Myotis fortidens,0.2692529999999999
3YYLpKBrhddOTqp,Myotis fortidens,0.7357820000000016
7r7Ys7dDyQVMFek,Myotis fortidens,0.855427760000001
linear pool,Promops centralis,0.08378695051389283
GKKyGHWtpfIG3Wu,Promops centralis,0.24613699999999994
Wlx2mlaEC2phUPz,Promops centralis,1.124402000000001
4AWV3vZPdJc9vE0,Promops centralis,0.4981362999999999
UhqBszGWAV7ssWv,Promops centralis,0.09214059999999993
xrpNBpZuCR6uzGO,Promops centralis,0.38175529999999985
CMDizkyMX6dQuxi,Promops centralis,0.20252999999999993
LGf03kcKcQgso3t,Promops centralis,0.0760435599999999
UPyaHz2d9UU3e56,Promops centralis,0.3668849999999999
FDFyaiOK1meiZh3,Promops centralis,0.1699019999999999
linear pool,Lasiurus frantzii,0.10381888118305416
GKKyGHWtpfIG3Wu,Lasiurus frantzii,0.3180349999999999
Oug0a3aapOqUZMY,Lasiurus frantzii,0.7959378800000009
XyhCW0PHUtVw9Tj,Lasiurus frantzii,0.003574999999999997
Wlx2mlaEC2phUPz,Lasiurus frantzii,0.8956570000000015
4AWV3vZPdJc9vE0,Lasiurus frantzii,0.346533
3YYLpKBrhddOTqp,Lasiurus frantzii,1.7177979999999984
C7vRyRMQgycbE9a,Lasiurus frantzii,0.3630069999999999
HQRTOy9ytw1WOga,Lasiurus frantzii,0.05577179999999994
OSxvs7oEKAPZPv6,Lasiurus frantzii,0.15794499999999995
pZSZ2S7XtDpnG1c,Lasiurus frantzii,0.04870144999999991
xSCXILAei4NZMw2,Lasiurus frantzii,0.6396230000000016
CMDizkyMX6dQuxi,Lasiurus frantzii,0.20447799999999988
qexQ7smFsz1oQIt,Lasiurus frantzii,0.14301910999999998
UPyaHz2d9UU3e56,Lasiurus frantzii,0.4905339999999999
xrpNBpZuCR6uzGO,Lasiurus frantzii,0.8168758300000007
LGf03kcKcQgso3t,Lasiurus frantzii,0.05770249999999992
7r7Ys7dDyQVMFek,Lasiurus frantzii,0.6143890100000001
linear pool,Artibeus hirsutus,0.0974552887511718
GKKyGHWtpfIG3Wu,Artibeus hirsutus,0.18855463999999994
XTaUBzmTCU0Eb9H,Artibeus hirsutus,0.4745855599999999
Wlx2mlaEC2phUPz,Artibeus hirsutus,0.907543000000001
GbaxteI1ntVv5RE,Artibeus hirsutus,0.4478036000000001
XwifiV4liynpTUM,Artibeus hirsutus,0.38660399999999984
Oug0a3aapOqUZMY,Artibeus hirsutus,0.5041318200000002
pZSZ2S7XtDpnG1c,Artibeus hirsutus,0.08683624999999993
4AWV3vZPdJc9vE0,Artibeus hirsutus,3.9464109999999986
xSCXILAei4NZMw2,Artibeus hirsutus,0.39816499999999994
CMDizkyMX6dQuxi,Artibeus hirsutus,0.07225540999999991
UPyaHz2d9UU3e56,Artibeus hirsutus,0.3922899999999998
xrpNBpZuCR6uzGO,Artibeus hirsutus,0.35926499999999983
linear pool,Artibeus jamaicensis,0.030473675154959055
GKKyGHWtpfIG3Wu,Artibeus jamaicensis,0.06967245999999994
jNlkIfVsfeLgJbj,Artibeus jamaicensis,0.8266370000000015
XTaUBzmTCU0Eb9H,Artibeus jamaicensis,0.42809610999999986
Oug0a3aapOqUZMY,Artibeus jamaicensis,0.6169481900000005
UhqBszGWAV7ssWv,Artibeus jamaicensis,0.1006229999999999
OSxvs7oEKAPZPv6,Artibeus jamaicensis,0.6478451000000013
xSCXILAei4NZMw2,Artibeus jamaicensis,1.3256767000000007
4AWV3vZPdJc9vE0,Artibeus jamaicensis,0.6267356000000003
Wlx2mlaEC2phUPz,Artibeus jamaicensis,0.21419659999999993
UPyaHz2d9UU3e56,Artibeus jamaicensis,0.7352314000000009
qexQ7smFsz1oQIt,Artibeus jamaicensis,0.12297451999999996
DaJhXwN6qank1rN,Artibeus jamaicensis,0.3925209999999999
EA6eaCxrJPUmow5,Artibeus jamaicensis,0.5796230000000003
pZSZ2S7XtDpnG1c,Artibeus jamaicensis,0.03013175000000003
LGf03kcKcQgso3t,Artibeus jamaicensis,0.020900000000000023
XyhCW0PHUtVw9Tj,Artibeus jamaicensis,0.0010999999999999996
GtYTUkO0Hz0or23,Artibeus jamaicensis,0.01842500000000002
linear pool,Chrotopterus auritus,0.10019131863871811
GKKyGHWtpfIG3Wu,Chrotopterus auritus,0.1526094399999999
XTaUBzmTCU0Eb9H,Chrotopterus auritus,0.4262307899999999
Wlx2mlaEC2phUPz,Chrotopterus auritus,0.9482260000000017
GbaxteI1ntVv5RE,Chrotopterus auritus,1.3074948299999984
xSCXILAei4NZMw2,Chrotopterus auritus,1.7851349999999995
hFO3NLjmrhnU8ae,Chrotopterus auritus,0.1042129999999999
OSxvs7oEKAPZPv6,Chrotopterus auritus,0.09082499999999989
C7vRyRMQgycbE9a,Chrotopterus auritus,0.5673474000000015
4AWV3vZPdJc9vE0,Chrotopterus auritus,4.181883999999998
lP9lkuUgw1KscQC,Chrotopterus auritus,0.3500032099999999
UPyaHz2d9UU3e56,Chrotopterus auritus,0.3172899999999999
CMDizkyMX6dQuxi,Chrotopterus auritus,0.1060124099999999
j7itNS3nKzaTkmi,Chrotopterus auritus,0.4082499999999999
DaJhXwN6qank1rN,Chrotopterus auritus,0.2379749999999999
LGf03kcKcQgso3t,Chrotopterus auritus,0.1956439999999999
pZSZ2S7XtDpnG1c,Chrotopterus auritus,0.11534399999999989
EA6eaCxrJPUmow5,Chrotopterus auritus,2.3030099999999982
FDFyaiOK1meiZh3,Chrotopterus auritus,0.37449679999999985
linear pool,Antrozous pallidus,0.052763387842799825
Oug0a3aapOqUZMY,Antrozous pallidus,0.6092568500000007
GbaxteI1ntVv5RE,Antrozous pallidus,0.6538219999999988
4AWV3vZPdJc9vE0,Antrozous pallidus,0.15569847999999992
q59pk65SNHOdBYz,Antrozous pallidus,0.025085680000000023
DaJhXwN6qank1rN,Antrozous pallidus,1.2000846699999985
3YYLpKBrhddOTqp,Antrozous pallidus,0.3810739999999999
GKKyGHWtpfIG3Wu,Antrozous pallidus,0.05030539999999992
LsgX2odo0mnYaP5,Antrozous pallidus,0.3160879999999999
XTaUBzmTCU0Eb9H,Antrozous pallidus,0.19326836
Wlx2mlaEC2phUPz,Antrozous pallidus,0.7413971000000006
CMDizkyMX6dQuxi,Antrozous pallidus,0.1572279999999999
UPyaHz2d9UU3e56,Antrozous pallidus,0.2832007999999999
auarZ53DQoE8Z8j,Antrozous pallidus,0.047324999999999916
6eGTOMfYfRNKfor,Antrozous pallidus,0.7815450000000005
qwRqJ5V0eVDnyP0,Antrozous pallidus,2.504342999999999
xSCXILAei4NZMw2,Antrozous pallidus,0.35110099999999994
linear pool,Choeronycteris mexicana,0.11423726305359976
Oug0a3aapOqUZMY,Choeronycteris mexicana,0.47436311999999997
jNlkIfVsfeLgJbj,Choeronycteris mexicana,1.1543270000000008
4AWV3vZPdJc9vE0,Choeronycteris mexicana,0.21780017999999995
GbaxteI1ntVv5RE,Choeronycteris mexicana,0.6382609999999989
xSCXILAei4NZMw2,Choeronycteris mexicana,1.6695926399999987
3YYLpKBrhddOTqp,Choeronycteris mexicana,1.4468276999999983
DaJhXwN6qank1rN,Choeronycteris mexicana,0.36179187999999984
C7vRyRMQgycbE9a,Choeronycteris mexicana,0.2246401999999999
GKKyGHWtpfIG3Wu,Choeronycteris mexicana,0.032760990000000004
pZSZ2S7XtDpnG1c,Choeronycteris mexicana,0.12073915999999993
XTaUBzmTCU0Eb9H,Choeronycteris mexicana,0.18363403999999994
LsgX2odo0mnYaP5,Choeronycteris mexicana,0.4818509999999999
Wlx2mlaEC2phUPz,Choeronycteris mexicana,0.8906720000000012
CMDizkyMX6dQuxi,Choeronycteris mexicana,0.4499519999999999
qexQ7smFsz1oQIt,Choeronycteris mexicana,0.15876905999999982
auarZ53DQoE8Z8j,Choeronycteris mexicana,0.0714751999999999
UPyaHz2d9UU3e56,Choeronycteris mexicana,0.24744099999999994
xrpNBpZuCR6uzGO,Choeronycteris mexicana,0.8562427300000007
6eGTOMfYfRNKfor,Choeronycteris mexicana,1.1088190000000002
qwRqJ5V0eVDnyP0,Choeronycteris mexicana,3.225472999999999
linear pool,Choeroniscus godmani,0.09156330433011368
GKKyGHWtpfIG3Wu,Choeroniscus godmani,0.07094819999999992
4AWV3vZPdJc9vE0,Choeroniscus godmani,1.6625850000000009
OSxvs7oEKAPZPv6,Choeroniscus godmani,0.3075749999999999
Wlx2mlaEC2phUPz,Choeroniscus godmani,0.7420460000000005
xSCXILAei4NZMw2,Choeroniscus godmani,0.4641089999999999
lP9lkuUgw1KscQC,Choeroniscus godmani,0.7661970000000017
CMDizkyMX6dQuxi,Choeroniscus godmani,0.15657379999999993
DaJhXwN6qank1rN,Choeroniscus godmani,0.39685999999999994
EA6eaCxrJPUmow5,Choeroniscus godmani,1.8398959999999986
UPyaHz2d9UU3e56,Choeroniscus godmani,0.49638699999999986
pZSZ2S7XtDpnG1c,Choeroniscus godmani,0.03013175000000003
linear pool,Lampronycteris brachyotis,0.06404642703539341
GKKyGHWtpfIG3Wu,Lampronycteris brachyotis,0.11459219999999991
C7vRyRMQgycbE9a,Lampronycteris brachyotis,0.3935039999999998
OSxvs7oEKAPZPv6,Lampronycteris brachyotis,0.1305449999999999
4AWV3vZPdJc9vE0,Lampronycteris brachyotis,4.286331999999999
Wlx2mlaEC2phUPz,Lampronycteris brachyotis,0.7434540000000005
xSCXILAei4NZMw2,Lampronycteris brachyotis,0.5852130000000003
CMDizkyMX6dQuxi,Lampronycteris brachyotis,0.0518647999999999
DaJhXwN6qank1rN,Lampronycteris brachyotis,0.34912599999999994
UPyaHz2d9UU3e56,Lampronycteris brachyotis,0.48695199999999994
LGf03kcKcQgso3t,Lampronycteris brachyotis,0.11296295999999989
EA6eaCxrJPUmow5,Lampronycteris brachyotis,2.141923999999999
linear pool,Gardnerycteris keenani,0.13465126799070873
GKKyGHWtpfIG3Wu,Gardnerycteris keenani,0.34036139999999987
XTaUBzmTCU0Eb9H,Gardnerycteris keenani,0.38629539000000007
Wlx2mlaEC2phUPz,Gardnerycteris keenani,0.7042230000000002
CMDizkyMX6dQuxi,Gardnerycteris keenani,0.0375699
4AWV3vZPdJc9vE0,Gardnerycteris keenani,3.0508478999999986
UPyaHz2d9UU3e56,Gardnerycteris keenani,0.27536299999999986
linear pool,Lonchorhina aurita,0.08797589559999533
GKKyGHWtpfIG3Wu,Lonchorhina aurita,0.1305232399999999
XTaUBzmTCU0Eb9H,Lonchorhina aurita,0.4567949900000002
OSxvs7oEKAPZPv6,Lonchorhina aurita,0.3095649999999999
4AWV3vZPdJc9vE0,Lonchorhina aurita,3.484315999999999
Wlx2mlaEC2phUPz,Lonchorhina aurita,0.7625870000000002
lP9lkuUgw1KscQC,Lonchorhina aurita,0.3666509999999999
CMDizkyMX6dQuxi,Lonchorhina aurita,0.054557409999999903
UPyaHz2d9UU3e56,Lonchorhina aurita,1.0131700000000001
DaJhXwN6qank1rN,Lonchorhina aurita,0.8625120000000016
j7itNS3nKzaTkmi,Lonchorhina aurita,0.26567799999999986
EA6eaCxrJPUmow5,Lonchorhina aurita,1.839491999999999
linear pool,Centurio senex,0.07028940904794688
XTaUBzmTCU0Eb9H,Centurio senex,0.3860078900000001
7r7Ys7dDyQVMFek,Centurio senex,0.2767265399999999
Y7qmHSA8qC1zXha,Centurio senex,2.574969999999998
GbaxteI1ntVv5RE,Centurio senex,0.5916249999999994
hFO3NLjmrhnU8ae,Centurio senex,0.05583868999999998
LsgX2odo0mnYaP5,Centurio senex,1.7089599999999991
XyhCW0PHUtVw9Tj,Centurio senex,0.010620290000000022
Wlx2mlaEC2phUPz,Centurio senex,1.0066270000000013
xSCXILAei4NZMw2,Centurio senex,0.8069000000000015
4AWV3vZPdJc9vE0,Centurio senex,1.1759500000000005
OSxvs7oEKAPZPv6,Centurio senex,0.1971664999999999
pZSZ2S7XtDpnG1c,Centurio senex,0.03918115999999991
lP9lkuUgw1KscQC,Centurio senex,0.1534739999999999
Oug0a3aapOqUZMY,Centurio senex,0.5448039300000006
UPyaHz2d9UU3e56,Centurio senex,0.06718099999999988
CMDizkyMX6dQuxi,Centurio senex,0.1089022899999999
C7vRyRMQgycbE9a,Centurio senex,0.2040049999999999
qexQ7smFsz1oQIt,Centurio senex,0.22155436999999983
DaJhXwN6qank1rN,Centurio senex,0.45667699999999994
EA6eaCxrJPUmow5,Centurio senex,1.1618289999999993
xrpNBpZuCR6uzGO,Centurio senex,0.1778203999999999
auarZ53DQoE8Z8j,Centurio senex,0.02045000000000003
linear pool,Trachops cirrhosus,0.10171886640459928
XTaUBzmTCU0Eb9H,Trachops cirrhosus,0.3717218200000001
GbaxteI1ntVv5RE,Trachops cirrhosus,0.7158619999999997
Wlx2mlaEC2phUPz,Trachops cirrhosus,1.0111210000000013
UhqBszGWAV7ssWv,Trachops cirrhosus,0.1748772999999999
4AWV3vZPdJc9vE0,Trachops cirrhosus,2.4713499999999993
GKKyGHWtpfIG3Wu,Trachops cirrhosus,0.08628519999999991
HQRTOy9ytw1WOga,Trachops cirrhosus,0.1220547599999999
C7vRyRMQgycbE9a,Trachops cirrhosus,0.7021880000000004
OSxvs7oEKAPZPv6,Trachops cirrhosus,0.35372199999999987
lP9lkuUgw1KscQC,Trachops cirrhosus,1.14741456
xSCXILAei4NZMw2,Trachops cirrhosus,0.42005399999999987
UPyaHz2d9UU3e56,Trachops cirrhosus,0.2437799999999999
CMDizkyMX6dQuxi,Trachops cirrhosus,0.07412919999999999
qexQ7smFsz1oQIt,Trachops cirrhosus,0.3345423799999997
EA6eaCxrJPUmow5,Trachops cirrhosus,2.2383649999999995
DaJhXwN6qank1rN,Trachops cirrhosus,0.23000199999999993
linear pool,Balantiopteryx io,0.08310622663897095
7r7Ys7dDyQVMFek,Balantiopteryx io,0.8238874400000007
Wlx2mlaEC2phUPz,Balantiopteryx io,1.4092080000000005
UhqBszGWAV7ssWv,Balantiopteryx io,0.5289640000000013
4AWV3vZPdJc9vE0,Balantiopteryx io,2.458592799999999
HQRTOy9ytw1WOga,Balantiopteryx io,0.17222185999999992
OSxvs7oEKAPZPv6,Balantiopteryx io,0.9192325000000013
lP9lkuUgw1KscQC,Balantiopteryx io,0.14197799999999988
xSCXILAei4NZMw2,Balantiopteryx io,0.8571850000000014
UPyaHz2d9UU3e56,Balantiopteryx io,0.7640010000000013
CMDizkyMX6dQuxi,Balantiopteryx io,0.1934584099999999
j7itNS3nKzaTkmi,Balantiopteryx io,1.2641569999999989
LGf03kcKcQgso3t,Balantiopteryx io,0.0776331199999999
auarZ53DQoE8Z8j,Balantiopteryx io,0.008525000000000012
FDFyaiOK1meiZh3,Balantiopteryx io,0.14405479999999993
linear pool,Bauerus dubiaquercus,0.09264600204393811
XTaUBzmTCU0Eb9H,Bauerus dubiaquercus,0.3453477500000002
lP9lkuUgw1KscQC,Bauerus dubiaquercus,0.6840120000000017
xSCXILAei4NZMw2,Bauerus dubiaquercus,1.0624430000000007
4AWV3vZPdJc9vE0,Bauerus dubiaquercus,2.550104799999999
OSxvs7oEKAPZPv6,Bauerus dubiaquercus,0.3647799999999999
Wlx2mlaEC2phUPz,Bauerus dubiaquercus,0.9487800000000008
Oug0a3aapOqUZMY,Bauerus dubiaquercus,0.6147322000000006
CMDizkyMX6dQuxi,Bauerus dubiaquercus,0.1061292899999999
UPyaHz2d9UU3e56,Bauerus dubiaquercus,0.1521779999999999
C7vRyRMQgycbE9a,Bauerus dubiaquercus,0.22340799999999988
LGf03kcKcQgso3t,Bauerus dubiaquercus,0.41391999999999984
DaJhXwN6qank1rN,Bauerus dubiaquercus,0.9163770000000017
jYTXYVcy9BwJNOb,Bauerus dubiaquercus,0.18043282999999993
linear pool,Myotis occultus,0.07697898549966548
jNlkIfVsfeLgJbj,Myotis occultus,1.7725549999999992
4AWV3vZPdJc9vE0,Myotis occultus,0.23098040999999991
XTaUBzmTCU0Eb9H,Myotis occultus,0.13438405999999992
GKKyGHWtpfIG3Wu,Myotis occultus,0.04886944
Oug0a3aapOqUZMY,Myotis occultus,0.48466708
CMDizkyMX6dQuxi,Myotis occultus,0.39255199999999996
Wlx2mlaEC2phUPz,Myotis occultus,0.5750225000000003
3YYLpKBrhddOTqp,Myotis occultus,0.431851
auarZ53DQoE8Z8j,Myotis occultus,0.047684999999999964
6eGTOMfYfRNKfor,Myotis occultus,1.376187
xSCXILAei4NZMw2,Myotis occultus,0.2898029999999999
UPyaHz2d9UU3e56,Myotis occultus,0.6090580000000004
linear pool,Lophostoma brasiliense,0.12108249723023673
XTaUBzmTCU0Eb9H,Lophostoma brasiliense,0.42380325000000035
GKKyGHWtpfIG3Wu,Lophostoma brasiliense,0.18245863999999987
4AWV3vZPdJc9vE0,Lophostoma brasiliense,1.7013529999999988
OSxvs7oEKAPZPv6,Lophostoma brasiliense,0.20599999999999988
Wlx2mlaEC2phUPz,Lophostoma brasiliense,0.6219230000000002
CMDizkyMX6dQuxi,Lophostoma brasiliense,0.07448399999999998
lP9lkuUgw1KscQC,Lophostoma brasiliense,0.9746323600000016
UPyaHz2d9UU3e56,Lophostoma brasiliense,0.6721580000000015
EA6eaCxrJPUmow5,Lophostoma brasiliense,1.251742000000001
DaJhXwN6qank1rN,Lophostoma brasiliense,0.4059219999999999
linear pool,Carollia subrufa,0.03256612124932121
XTaUBzmTCU0Eb9H,Carollia subrufa,0.37420897000000003
Wlx2mlaEC2phUPz,Carollia subrufa,0.8970980000000016
GbaxteI1ntVv5RE,Carollia subrufa,0.45022300000000004
4AWV3vZPdJc9vE0,Carollia subrufa,0.44549456999999987
OSxvs7oEKAPZPv6,Carollia subrufa,0.14037869999999988
pZSZ2S7XtDpnG1c,Carollia subrufa,0.15170524999999993
xSCXILAei4NZMw2,Carollia subrufa,1.2027919999999985
XwifiV4liynpTUM,Carollia subrufa,0.2668079999999999
lP9lkuUgw1KscQC,Carollia subrufa,0.41566399999999987
CMDizkyMX6dQuxi,Carollia subrufa,0.05856914999999989
UPyaHz2d9UU3e56,Carollia subrufa,0.30057899999999993
j7itNS3nKzaTkmi,Carollia subrufa,0.1999409999999999
DaJhXwN6qank1rN,Carollia subrufa,0.15823759999999992
EA6eaCxrJPUmow5,Carollia subrufa,0.2960049999999999
linear pool,Dermanura azteca,0.059350053585572674
XTaUBzmTCU0Eb9H,Dermanura azteca,0.4353703999999999
GbaxteI1ntVv5RE,Dermanura azteca,0.4632150000000001
XwifiV4liynpTUM,Dermanura azteca,0.011050000000000032
pZSZ2S7XtDpnG1c,Dermanura azteca,0.057945499999999935
Oug0a3aapOqUZMY,Dermanura azteca,0.38973352999999983
4AWV3vZPdJc9vE0,Dermanura azteca,2.9418689999999987
Wlx2mlaEC2phUPz,Dermanura azteca,0.5118000000000004
lP9lkuUgw1KscQC,Dermanura azteca,0.7519720000000015
xSCXILAei4NZMw2,Dermanura azteca,0.5426372000000004
GtYTUkO0Hz0or23,Dermanura azteca,0.02585000000000003
CMDizkyMX6dQuxi,Dermanura azteca,0.1072789999999999
EA6eaCxrJPUmow5,Dermanura azteca,3.1991219999999974
DaJhXwN6qank1rN,Dermanura azteca,0.1067187799999999
LGf03kcKcQgso3t,Dermanura azteca,0.11151123999999991
UPyaHz2d9UU3e56,Dermanura azteca,0.2457339999999999
xrpNBpZuCR6uzGO,Dermanura azteca,0.5681272400000003
linear pool,Diaemus youngi,0.0014349994948727898
XTaUBzmTCU0Eb9H,Diaemus youngi,0.42864095999999985
LsgX2odo0mnYaP5,Diaemus youngi,0.890900000000001
lP9lkuUgw1KscQC,Diaemus youngi,0.36589099999999986
OSxvs7oEKAPZPv6,Diaemus youngi,0.26217499999999994
0Jt806BefXEix5s,Diaemus youngi,0.24979329999999988
4AWV3vZPdJc9vE0,Diaemus youngi,3.8196499999999984
Wlx2mlaEC2phUPz,Diaemus youngi,0.5557460000000003
xSCXILAei4NZMw2,Diaemus youngi,0.4077199999999999
UPyaHz2d9UU3e56,Diaemus youngi,0.2639539999999999
CMDizkyMX6dQuxi,Diaemus youngi,0.034672879999999996
DaJhXwN6qank1rN,Diaemus youngi,0.1465663999999999
EA6eaCxrJPUmow5,Diaemus youngi,0.5091250000000005
linear pool,Cynomops mexicanus,0.09043637929380988
XTaUBzmTCU0Eb9H,Cynomops mexicanus,0.4654679999999999
Oug0a3aapOqUZMY,Cynomops mexicanus,0.32228011
Wlx2mlaEC2phUPz,Cynomops mexicanus,0.6808160000000003
4AWV3vZPdJc9vE0,Cynomops mexicanus,3.6531929999999986
CMDizkyMX6dQuxi,Cynomops mexicanus,0.09020199999999991
UPyaHz2d9UU3e56,Cynomops mexicanus,0.36622899999999986
pZSZ2S7XtDpnG1c,Cynomops mexicanus,0.032236999999999905
linear pool,Diclidurus albus,0.05838087448422981
XTaUBzmTCU0Eb9H,Diclidurus albus,0.4839833299999999
GKKyGHWtpfIG3Wu,Diclidurus albus,0.1308739199999999
GbaxteI1ntVv5RE,Diclidurus albus,0.3018262000000001
4AWV3vZPdJc9vE0,Diclidurus albus,2.8985319999999986
OSxvs7oEKAPZPv6,Diclidurus albus,0.2609849999999999
LsgX2odo0mnYaP5,Diclidurus albus,0.42310899999999996
Wlx2mlaEC2phUPz,Diclidurus albus,0.9792580000000016
xSCXILAei4NZMw2,Diclidurus albus,0.6195170000000018
CMDizkyMX6dQuxi,Diclidurus albus,0.050196290000000005
UPyaHz2d9UU3e56,Diclidurus albus,0.3057559999999999
DaJhXwN6qank1rN,Diclidurus albus,0.1370319999999999
pZSZ2S7XtDpnG1c,Diclidurus albus,0.03980899999999992
FDFyaiOK1meiZh3,Diclidurus albus,0.32880199999999987
linear pool,Mimon cozumelae,0.05970020537667906
OSxvs7oEKAPZPv6,Mimon cozumelae,0.26375704999999994
XTaUBzmTCU0Eb9H,Mimon cozumelae,0.41544268
hFO3NLjmrhnU8ae,Mimon cozumelae,0.07742179999999992
GKKyGHWtpfIG3Wu,Mimon cozumelae,0.08429159999999991
4AWV3vZPdJc9vE0,Mimon cozumelae,1.0862030000000011
UPyaHz2d9UU3e56,Mimon cozumelae,0.8122290000000011
Wlx2mlaEC2phUPz,Mimon cozumelae,0.9269730000000015
0Jt806BefXEix5s,Mimon cozumelae,0.1413819999999999
CMDizkyMX6dQuxi,Mimon cozumelae,0.2070569999999999
xSCXILAei4NZMw2,Mimon cozumelae,0.2905489999999999
EA6eaCxrJPUmow5,Mimon cozumelae,2.107583999999999
LGf03kcKcQgso3t,Mimon cozumelae,0.1700041599999999
qwRqJ5V0eVDnyP0,Mimon cozumelae,3.828650999999999
linear pool,Enchisthenes hartii,0.07251741452161875
XTaUBzmTCU0Eb9H,Enchisthenes hartii,0.43592880999999983
Y7qmHSA8qC1zXha,Enchisthenes hartii,1.8172189999999981
lP9lkuUgw1KscQC,Enchisthenes hartii,1.151792409999998
pZSZ2S7XtDpnG1c,Enchisthenes hartii,0.052108999999999926
4AWV3vZPdJc9vE0,Enchisthenes hartii,2.760545999999999
Wlx2mlaEC2phUPz,Enchisthenes hartii,0.3057579999999999
xSCXILAei4NZMw2,Enchisthenes hartii,0.5625890000000013
CMDizkyMX6dQuxi,Enchisthenes hartii,0.09419266999999991
Oug0a3aapOqUZMY,Enchisthenes hartii,0.8699870000000011
EA6eaCxrJPUmow5,Enchisthenes hartii,1.633331999999999
DaJhXwN6qank1rN,Enchisthenes hartii,0.13915299999999992
UPyaHz2d9UU3e56,Enchisthenes hartii,0.2484829999999999
jNlkIfVsfeLgJbj,Enchisthenes hartii,0.21249699999999988
7r7Ys7dDyQVMFek,Enchisthenes hartii,0.13254228999999995
linear pool,Eptesicus brasiliensis,0.0789045369586163
XTaUBzmTCU0Eb9H,Eptesicus brasiliensis,0.44626152999999996
7r7Ys7dDyQVMFek,Eptesicus brasiliensis,0.31812287999999994
Wlx2mlaEC2phUPz,Eptesicus brasiliensis,0.6664680000000003
4AWV3vZPdJc9vE0,Eptesicus brasiliensis,2.613635999999999
OSxvs7oEKAPZPv6,Eptesicus brasiliensis,0.5246750000000017
pZSZ2S7XtDpnG1c,Eptesicus brasiliensis,0.059163499999999924
lP9lkuUgw1KscQC,Eptesicus brasiliensis,0.4782329999999999
CMDizkyMX6dQuxi,Eptesicus brasiliensis,0.0865526599999999
DaJhXwN6qank1rN,Eptesicus brasiliensis,0.059657999999999906
UPyaHz2d9UU3e56,Eptesicus brasiliensis,0.2369049999999999
xSCXILAei4NZMw2,Eptesicus brasiliensis,0.9835400000000014
linear pool,Thyroptera tricolor,0.11918127853365924
7r7Ys7dDyQVMFek,Thyroptera tricolor,0.765286880000001
Wlx2mlaEC2phUPz,Thyroptera tricolor,0.918714000000001
4AWV3vZPdJc9vE0,Thyroptera tricolor,2.2402658999999985
GKKyGHWtpfIG3Wu,Thyroptera tricolor,0.0795469199999999
XTaUBzmTCU0Eb9H,Thyroptera tricolor,0.15017518999999993
OSxvs7oEKAPZPv6,Thyroptera tricolor,0.39827499999999993
xSCXILAei4NZMw2,Thyroptera tricolor,0.4818069999999999
CMDizkyMX6dQuxi,Thyroptera tricolor,0.3524294099999999
UPyaHz2d9UU3e56,Thyroptera tricolor,0.7765280000000017
EA6eaCxrJPUmow5,Thyroptera tricolor,3.4864889999999984
DaJhXwN6qank1rN,Thyroptera tricolor,0.27761499999999995
jNlkIfVsfeLgJbj,Thyroptera tricolor,0.21113099999999987
linear pool,Lasiurus intermedius,0.12053175668318104
7r7Ys7dDyQVMFek,Lasiurus intermedius,0.4346352499999999
GbaxteI1ntVv5RE,Lasiurus intermedius,0.46610100000000004
4AWV3vZPdJc9vE0,Lasiurus intermedius,2.7545439999999983
OSxvs7oEKAPZPv6,Lasiurus intermedius,0.2557604899999999
Oug0a3aapOqUZMY,Lasiurus intermedius,0.48680187999999985
pZSZ2S7XtDpnG1c,Lasiurus intermedius,0.042283999999999926
Wlx2mlaEC2phUPz,Lasiurus intermedius,1.2961010000000006
CMDizkyMX6dQuxi,Lasiurus intermedius,0.1602769999999999
UPyaHz2d9UU3e56,Lasiurus intermedius,0.7602750000000016
LGf03kcKcQgso3t,Lasiurus intermedius,0.07772767999999991
xSCXILAei4NZMw2,Lasiurus intermedius,0.8176090000000017
linear pool,Glossophaga morenoi,0.14998877842425343
XTaUBzmTCU0Eb9H,Glossophaga morenoi,0.5084252199999996
UhqBszGWAV7ssWv,Glossophaga morenoi,0.1651339999999999
GbaxteI1ntVv5RE,Glossophaga morenoi,0.4853108000000001
4AWV3vZPdJc9vE0,Glossophaga morenoi,1.2637759999999996
pZSZ2S7XtDpnG1c,Glossophaga morenoi,0.05196124999999993
OSxvs7oEKAPZPv6,Glossophaga morenoi,0.34562999999999994
Wlx2mlaEC2phUPz,Glossophaga morenoi,1.0543260000000008
xSCXILAei4NZMw2,Glossophaga morenoi,0.4492973999999999
XwifiV4liynpTUM,Glossophaga morenoi,0.2578665599999999
CMDizkyMX6dQuxi,Glossophaga morenoi,0.03238241
Oug0a3aapOqUZMY,Glossophaga morenoi,0.5074861900000003
UPyaHz2d9UU3e56,Glossophaga morenoi,0.7465870000000016
linear pool,Hylonycteris underwoodi,0.12059555197738073
XTaUBzmTCU0Eb9H,Hylonycteris underwoodi,0.45366850999999975
pZSZ2S7XtDpnG1c,Hylonycteris underwoodi,0.049486249999999926
4AWV3vZPdJc9vE0,Hylonycteris underwoodi,3.4166239999999988
lP9lkuUgw1KscQC,Hylonycteris underwoodi,0.5728300000000016
Wlx2mlaEC2phUPz,Hylonycteris underwoodi,0.6334790000000002
xSCXILAei4NZMw2,Hylonycteris underwoodi,0.5428630000000015
CMDizkyMX6dQuxi,Hylonycteris underwoodi,0.1515492899999999
DaJhXwN6qank1rN,Hylonycteris underwoodi,0.3208729999999999
EA6eaCxrJPUmow5,Hylonycteris underwoodi,2.609100999999998
UPyaHz2d9UU3e56,Hylonycteris underwoodi,0.4800369999999998
linear pool,Glossophaga leachii,0.14283729242079635
XTaUBzmTCU0Eb9H,Glossophaga leachii,0.42395250999999995
GbaxteI1ntVv5RE,Glossophaga leachii,0.39376600000000006
4AWV3vZPdJc9vE0,Glossophaga leachii,3.068527999999999
pZSZ2S7XtDpnG1c,Glossophaga leachii,0.049486249999999926
OSxvs7oEKAPZPv6,Glossophaga leachii,0.19088499999999992
Wlx2mlaEC2phUPz,Glossophaga leachii,1.0378800000000008
xSCXILAei4NZMw2,Glossophaga leachii,0.6713610000000012
CMDizkyMX6dQuxi,Glossophaga leachii,0.05948281999999992
EA6eaCxrJPUmow5,Glossophaga leachii,1.6789610000000004
UPyaHz2d9UU3e56,Glossophaga leachii,0.6061660000000011
linear pool,Eumops nanus,0.09728578886188166
7r7Ys7dDyQVMFek,Eumops nanus,0.39089596999999987
OSxvs7oEKAPZPv6,Eumops nanus,0.3104466999999999
0Jt806BefXEix5s,Eumops nanus,0.3665934499999998
CMDizkyMX6dQuxi,Eumops nanus,0.10712999999999993
4AWV3vZPdJc9vE0,Eumops nanus,2.4020969999999986
Wlx2mlaEC2phUPz,Eumops nanus,0.6169326000000003
UPyaHz2d9UU3e56,Eumops nanus,0.16243299999999988
LGf03kcKcQgso3t,Eumops nanus,0.10766799999999989
linear pool,Glyphonycteris sylvestris,0.13269410747988514
XTaUBzmTCU0Eb9H,Glyphonycteris sylvestris,0.5061362299999997
pZSZ2S7XtDpnG1c,Glyphonycteris sylvestris,0.049486249999999926
4AWV3vZPdJc9vE0,Glyphonycteris sylvestris,3.550928999999999
Wlx2mlaEC2phUPz,Glyphonycteris sylvestris,0.6509070000000002
CMDizkyMX6dQuxi,Glyphonycteris sylvestris,0.0622732899999999
C7vRyRMQgycbE9a,Glyphonycteris sylvestris,0.36053099999999993
EA6eaCxrJPUmow5,Glyphonycteris sylvestris,2.507548999999998
UPyaHz2d9UU3e56,Glyphonycteris sylvestris,0.5476260000000005
linear pool,Lasiurus ega,0.08216088385662723
XTaUBzmTCU0Eb9H,Lasiurus ega,0.4606540999999999
OSxvs7oEKAPZPv6,Lasiurus ega,0.2261594999999999
0Jt806BefXEix5s,Lasiurus ega,0.07592999999999993
pZSZ2S7XtDpnG1c,Lasiurus ega,0.042283999999999926
Wlx2mlaEC2phUPz,Lasiurus ega,0.7589271000000005
CMDizkyMX6dQuxi,Lasiurus ega,0.08487899999999995
4AWV3vZPdJc9vE0,Lasiurus ega,2.5588099999999985
LGf03kcKcQgso3t,Lasiurus ega,0.05290147999999992
UPyaHz2d9UU3e56,Lasiurus ega,0.44131399999999993
xSCXILAei4NZMw2,Lasiurus ega,0.5501420000000002
jNlkIfVsfeLgJbj,Lasiurus ega,0.6996310000000004
linear pool,Eumops underwoodi,0.09861569741689603
Wlx2mlaEC2phUPz,Eumops underwoodi,1.3419500000000006
Oug0a3aapOqUZMY,Eumops underwoodi,0.25501409999999997
4AWV3vZPdJc9vE0,Eumops underwoodi,0.24097046999999996
C7vRyRMQgycbE9a,Eumops underwoodi,0.11975299999999992
UPyaHz2d9UU3e56,Eumops underwoodi,0.27146269
xrpNBpZuCR6uzGO,Eumops underwoodi,0.42707849999999997
OSxvs7oEKAPZPv6,Eumops underwoodi,0.1655048999999999
pZSZ2S7XtDpnG1c,Eumops underwoodi,0.03918115999999991
CMDizkyMX6dQuxi,Eumops underwoodi,0.19947799999999993
3YYLpKBrhddOTqp,Eumops underwoodi,0.7615930000000015
LGf03kcKcQgso3t,Eumops underwoodi,0.0892057999999999
linear pool,Macrophyllum macrophyllum,0.1726586181939834
XTaUBzmTCU0Eb9H,Macrophyllum macrophyllum,0.43687141999999995
lP9lkuUgw1KscQC,Macrophyllum macrophyllum,0.6648160000000004
GKKyGHWtpfIG3Wu,Macrophyllum macrophyllum,0.13714999999999988
xSCXILAei4NZMw2,Macrophyllum macrophyllum,1.3035250000000007
4AWV3vZPdJc9vE0,Macrophyllum macrophyllum,2.4761570000000006
Wlx2mlaEC2phUPz,Macrophyllum macrophyllum,0.47766899999999984
CMDizkyMX6dQuxi,Macrophyllum macrophyllum,0.1250519999999999
UPyaHz2d9UU3e56,Macrophyllum macrophyllum,0.3685249999999998
EA6eaCxrJPUmow5,Macrophyllum macrophyllum,2.225873999999999
linear pool,Molossus coibensis,0.049166425771654004
XTaUBzmTCU0Eb9H,Molossus coibensis,0.47248638
Wlx2mlaEC2phUPz,Molossus coibensis,0.3768529999999999
CMDizkyMX6dQuxi,Molossus coibensis,0.07950640999999994
lP9lkuUgw1KscQC,Molossus coibensis,0.6020500000000021
4AWV3vZPdJc9vE0,Molossus coibensis,2.2815940899999982
UPyaHz2d9UU3e56,Molossus coibensis,0.24230299999999988
linear pool,Myotis albescens,0.07021125517280222
XTaUBzmTCU0Eb9H,Myotis albescens,0.2575753400000001
GKKyGHWtpfIG3Wu,Myotis albescens,0.0927859599999999
4AWV3vZPdJc9vE0,Myotis albescens,3.344546999999999
Wlx2mlaEC2phUPz,Myotis albescens,0.762417600000001
CMDizkyMX6dQuxi,Myotis albescens,0.045302999999999996
UPyaHz2d9UU3e56,Myotis albescens,0.26917799999999986
xSCXILAei4NZMw2,Myotis albescens,0.6675550000000002
linear pool,Myotis elegans,0.03539992431885868
XTaUBzmTCU0Eb9H,Myotis elegans,0.26521436000000004
lP9lkuUgw1KscQC,Myotis elegans,0.1147772999999999
GKKyGHWtpfIG3Wu,Myotis elegans,0.0662998999999999
Wlx2mlaEC2phUPz,Myotis elegans,0.8788700000000013
CMDizkyMX6dQuxi,Myotis elegans,0.1250519999999999
4AWV3vZPdJc9vE0,Myotis elegans,2.5942889999999985
LGf03kcKcQgso3t,Myotis elegans,0.0946566799999999
UPyaHz2d9UU3e56,Myotis elegans,0.3127959999999999
linear pool,Myotis findleyi,0.04384438111018446
XTaUBzmTCU0Eb9H,Myotis findleyi,0.21117107000000007
pZSZ2S7XtDpnG1c,Myotis findleyi,0.1160221999999999
Wlx2mlaEC2phUPz,Myotis findleyi,0.5648830000000002
CMDizkyMX6dQuxi,Myotis findleyi,0.0010999999999999996
LGf03kcKcQgso3t,Myotis findleyi,0.3195239999999999
UPyaHz2d9UU3e56,Myotis findleyi,0.28862299999999996
jYTXYVcy9BwJNOb,Myotis findleyi,0.06585475999999993
linear pool,Lophostoma evotis,0.1222814180063713
GKKyGHWtpfIG3Wu,Lophostoma evotis,0.1245432199999999
lP9lkuUgw1KscQC,Lophostoma evotis,0.5549418000000006
OSxvs7oEKAPZPv6,Lophostoma evotis,0.23067499999999988
4AWV3vZPdJc9vE0,Lophostoma evotis,3.999602999999999
Wlx2mlaEC2phUPz,Lophostoma evotis,0.6907820000000001
CMDizkyMX6dQuxi,Lophostoma evotis,0.1470789999999999
C7vRyRMQgycbE9a,Lophostoma evotis,0.31253699999999995
UPyaHz2d9UU3e56,Lophostoma evotis,0.2484829999999999
hFO3NLjmrhnU8ae,Lophostoma evotis,0.1788559999999999
linear pool,Leptonycteris nivalis,0.17593163034815648
Wlx2mlaEC2phUPz,Leptonycteris nivalis,1.9096949999999981
XTaUBzmTCU0Eb9H,Leptonycteris nivalis,0.28326208
XyhCW0PHUtVw9Tj,Leptonycteris nivalis,0.020365290000000022
4AWV3vZPdJc9vE0,Leptonycteris nivalis,0.791515970000001
DaJhXwN6qank1rN,Leptonycteris nivalis,2.1664169999999996
3YYLpKBrhddOTqp,Leptonycteris nivalis,2.363885999999998
q59pk65SNHOdBYz,Leptonycteris nivalis,0.09243364999999995
pZSZ2S7XtDpnG1c,Leptonycteris nivalis,0.04343599999999997
GKKyGHWtpfIG3Wu,Leptonycteris nivalis,0.10592089999999993
i6pVp40LPrJk8LE,Leptonycteris nivalis,0.9129955000000011
qexQ7smFsz1oQIt,Leptonycteris nivalis,0.09996751999999995
xSCXILAei4NZMw2,Leptonycteris nivalis,2.121542999999998
GbaxteI1ntVv5RE,Leptonycteris nivalis,0.5452989999999998
jNlkIfVsfeLgJbj,Leptonycteris nivalis,0.40706199999999987
Z8Yrz0kdBYgnrBX,Leptonycteris nivalis,2.632492539999999
auarZ53DQoE8Z8j,Leptonycteris nivalis,0.030190000000000015
6eGTOMfYfRNKfor,Leptonycteris nivalis,0.8007400000000013
UPyaHz2d9UU3e56,Leptonycteris nivalis,1.2414849999999988
qwRqJ5V0eVDnyP0,Leptonycteris nivalis,2.059567899999999
ISNHs9pGdAHgPs1,Leptonycteris nivalis,5.366261399999999
linear pool,Myotis velifer,0.06649709402769466
jNlkIfVsfeLgJbj,Myotis velifer,2.121027999999999
4AWV3vZPdJc9vE0,Myotis velifer,0.27434734999999993
q59pk65SNHOdBYz,Myotis velifer,0.048636799999999994
DaJhXwN6qank1rN,Myotis velifer,0.08208423999999995
3YYLpKBrhddOTqp,Myotis velifer,0.6173870000000002
qwRqJ5V0eVDnyP0,Myotis velifer,2.1609029999999994
xrpNBpZuCR6uzGO,Myotis velifer,0.6256078200000009
pZSZ2S7XtDpnG1c,Myotis velifer,0.04870144999999991
XTaUBzmTCU0Eb9H,Myotis velifer,0.17246521999999997
Oug0a3aapOqUZMY,Myotis velifer,0.7096978700000006
xSCXILAei4NZMw2,Myotis velifer,0.8744330000000013
GKKyGHWtpfIG3Wu,Myotis velifer,0.03000636000000003
UPyaHz2d9UU3e56,Myotis velifer,0.4884282399999999
qexQ7smFsz1oQIt,Myotis velifer,0.13220395999999995
auarZ53DQoE8Z8j,Myotis velifer,0.054291999999999924
6eGTOMfYfRNKfor,Myotis velifer,0.7879270000000015
7r7Ys7dDyQVMFek,Myotis velifer,1.6438110999999997
S8SeR0u3CZHWEkS,Myotis velifer,0.8227042899999997
XTaUBzmTCU0Eb9H,Leptonycteris yerbaguensis,0.24177755000000006
linear pool,Euderma maculatum,0.04078652380344166
Wlx2mlaEC2phUPz,Euderma maculatum,0.6407290000000004
XTaUBzmTCU0Eb9H,Euderma maculatum,0.1617801799999999
DaJhXwN6qank1rN,Euderma maculatum,0.6555325600000005
3YYLpKBrhddOTqp,Euderma maculatum,0.7113440000000016
Oug0a3aapOqUZMY,Euderma maculatum,0.37482205
GKKyGHWtpfIG3Wu,Euderma maculatum,0.02096500000000003
LsgX2odo0mnYaP5,Euderma maculatum,0.25281599999999993
xSCXILAei4NZMw2,Euderma maculatum,0.24122399999999994
CMDizkyMX6dQuxi,Euderma maculatum,0.7518770000000006
4AWV3vZPdJc9vE0,Euderma maculatum,3.8083989999999988
UPyaHz2d9UU3e56,Euderma maculatum,0.5395870000000005
LGf03kcKcQgso3t,Euderma maculatum,0.13237399999999988
6eGTOMfYfRNKfor,Euderma maculatum,0.23851699999999992
linear pool,Corynorhinus mexicanus,0.07834494955651494
XTaUBzmTCU0Eb9H,Corynorhinus mexicanus,0.22380899000000007
jNlkIfVsfeLgJbj,Corynorhinus mexicanus,1.2810359999999998
4AWV3vZPdJc9vE0,Corynorhinus mexicanus,0.32603743999999996
DaJhXwN6qank1rN,Corynorhinus mexicanus,0.20039908999999992
xSCXILAei4NZMw2,Corynorhinus mexicanus,0.9776164000000013
3YYLpKBrhddOTqp,Corynorhinus mexicanus,0.9405140000000012
q59pk65SNHOdBYz,Corynorhinus mexicanus,0.03875455999999995
Oug0a3aapOqUZMY,Corynorhinus mexicanus,0.31396070000000004
GKKyGHWtpfIG3Wu,Corynorhinus mexicanus,0.03269566
pZSZ2S7XtDpnG1c,Corynorhinus mexicanus,0.041656159999999914
Wlx2mlaEC2phUPz,Corynorhinus mexicanus,0.9943130000000012
CMDizkyMX6dQuxi,Corynorhinus mexicanus,0.3003159999999999
UPyaHz2d9UU3e56,Corynorhinus mexicanus,1.4085899999999985
qexQ7smFsz1oQIt,Corynorhinus mexicanus,0.8200280000000001
auarZ53DQoE8Z8j,Corynorhinus mexicanus,0.0928749999999999
hFO3NLjmrhnU8ae,Corynorhinus mexicanus,0.06667779999999993
xrpNBpZuCR6uzGO,Corynorhinus mexicanus,0.7374267000000005
qwRqJ5V0eVDnyP0,Corynorhinus mexicanus,3.1824399999999984
linear pool,Myotis volans,0.15590251258427676
jNlkIfVsfeLgJbj,Myotis volans,1.638837
Oug0a3aapOqUZMY,Myotis volans,0.6023607700000007
XTaUBzmTCU0Eb9H,Myotis volans,0.17246521999999997
CMDizkyMX6dQuxi,Myotis volans,0.20810099999999992
qexQ7smFsz1oQIt,Myotis volans,0.13466896999999997
4AWV3vZPdJc9vE0,Myotis volans,4.032054299999999
3YYLpKBrhddOTqp,Myotis volans,0.7687680000000015
pZSZ2S7XtDpnG1c,Myotis volans,0.03013175000000003
6eGTOMfYfRNKfor,Myotis volans,1.6378339999999996
UPyaHz2d9UU3e56,Myotis volans,0.8000240000000011
linear pool,Perimyotis subflavus,0.20258078310483266
jNlkIfVsfeLgJbj,Perimyotis subflavus,1.6777979999999988
4AWV3vZPdJc9vE0,Perimyotis subflavus,0.26900475999999995
Oug0a3aapOqUZMY,Perimyotis subflavus,0.4155978699999999
CMDizkyMX6dQuxi,Perimyotis subflavus,0.2541278999999999
Wlx2mlaEC2phUPz,Perimyotis subflavus,0.7876736700000011
LGf03kcKcQgso3t,Perimyotis subflavus,0.1550179999999999
UPyaHz2d9UU3e56,Perimyotis subflavus,0.5591460000000005
6eGTOMfYfRNKfor,Perimyotis subflavus,1.1119640000000008
qwRqJ5V0eVDnyP0,Perimyotis subflavus,2.3984959999999993
linear pool,Saccopteryx leptura,0.1143235148166361
Wlx2mlaEC2phUPz,Saccopteryx leptura,1.2484270000000008
4AWV3vZPdJc9vE0,Saccopteryx leptura,3.6588749999999988
GKKyGHWtpfIG3Wu,Saccopteryx leptura,0.09868619999999989
XTaUBzmTCU0Eb9H,Saccopteryx leptura,0.14703976999999993
CMDizkyMX6dQuxi,Saccopteryx leptura,0.1339926699999999
UPyaHz2d9UU3e56,Saccopteryx leptura,0.6477530000000001
FDFyaiOK1meiZh3,Saccopteryx leptura,0.1552697999999999
linear pool,Eumops hansae,0.04021247658052381
Wlx2mlaEC2phUPz,Eumops hansae,0.7043380000000002
4AWV3vZPdJc9vE0,Eumops hansae,1.2050622400000006
OSxvs7oEKAPZPv6,Eumops hansae,0.1410749999999999
CMDizkyMX6dQuxi,Eumops hansae,0.11452999999999994
GKKyGHWtpfIG3Wu,Eumops hansae,0.0711651999999999
UPyaHz2d9UU3e56,Eumops hansae,0.24325899999999992
linear pool,Vampyrodes major,0.09338579269130619
lP9lkuUgw1KscQC,Vampyrodes major,0.2012809999999999
GbaxteI1ntVv5RE,Vampyrodes major,0.4710600000000001
GKKyGHWtpfIG3Wu,Vampyrodes major,0.0776651999999999
4AWV3vZPdJc9vE0,Vampyrodes major,2.461473999999999
Wlx2mlaEC2phUPz,Vampyrodes major,0.6559370000000001
UPyaHz2d9UU3e56,Vampyrodes major,0.48509199999999986
CMDizkyMX6dQuxi,Vampyrodes major,0.12482799999999991
xSCXILAei4NZMw2,Vampyrodes major,0.6078000000000016
linear pool,Vampyressa thyone,0.08350995290622486
lP9lkuUgw1KscQC,Vampyressa thyone,0.2981309999999999
qwRqJ5V0eVDnyP0,Vampyressa thyone,1.2455600999999998
4AWV3vZPdJc9vE0,Vampyressa thyone,2.2959549999999984
XwifiV4liynpTUM,Vampyressa thyone,0.24322499999999986
GKKyGHWtpfIG3Wu,Vampyressa thyone,0.10518559999999991
OSxvs7oEKAPZPv6,Vampyressa thyone,0.2659169999999999
XTaUBzmTCU0Eb9H,Vampyressa thyone,0.13685905999999992
Wlx2mlaEC2phUPz,Vampyressa thyone,0.5827640000000003
UPyaHz2d9UU3e56,Vampyressa thyone,0.5910600000000014
CMDizkyMX6dQuxi,Vampyressa thyone,0.045452
EA6eaCxrJPUmow5,Vampyressa thyone,3.4164279999999985
DaJhXwN6qank1rN,Vampyressa thyone,0.1035399999999999
xSCXILAei4NZMw2,Vampyressa thyone,0.5597790000000004
linear pool,Noctilio albiventris,0.03090585034280756
lP9lkuUgw1KscQC,Noctilio albiventris,1.0079334500000017
GKKyGHWtpfIG3Wu,Noctilio albiventris,0.1219479999999999
UhqBszGWAV7ssWv,Noctilio albiventris,0.2733499999999999
4AWV3vZPdJc9vE0,Noctilio albiventris,0.9665716700000013
XTaUBzmTCU0Eb9H,Noctilio albiventris,0.24551804000000008
OSxvs7oEKAPZPv6,Noctilio albiventris,0.41095199999999993
Wlx2mlaEC2phUPz,Noctilio albiventris,0.5336190000000003
xSCXILAei4NZMw2,Noctilio albiventris,0.47696699999999986
CMDizkyMX6dQuxi,Noctilio albiventris,0.0847299999999999
DaJhXwN6qank1rN,Noctilio albiventris,1.014937999999998
EA6eaCxrJPUmow5,Noctilio albiventris,1.995599999999999
UPyaHz2d9UU3e56,Noctilio albiventris,0.546736000000001
jNlkIfVsfeLgJbj,Noctilio albiventris,0.4997239999999999
linear pool,Uroderma magnirostrum,0.09950438102102337
lP9lkuUgw1KscQC,Uroderma magnirostrum,0.6204209000000017
4AWV3vZPdJc9vE0,Uroderma magnirostrum,1.3586539999999985
GKKyGHWtpfIG3Wu,Uroderma magnirostrum,0.0823085999999999
OSxvs7oEKAPZPv6,Uroderma magnirostrum,0.2076256999999999
XTaUBzmTCU0Eb9H,Uroderma magnirostrum,0.18198861999999993
Wlx2mlaEC2phUPz,Uroderma magnirostrum,0.8970060000000015
CMDizkyMX6dQuxi,Uroderma magnirostrum,0.0844339999999999
UPyaHz2d9UU3e56,Uroderma magnirostrum,0.4582059999999999
pZSZ2S7XtDpnG1c,Uroderma magnirostrum,0.03013175000000003
xSCXILAei4NZMw2,Uroderma magnirostrum,1.535961999999998
linear pool,Noctilio leporinus,0.09291344084558845
GbaxteI1ntVv5RE,Noctilio leporinus,0.8165085599999987
GKKyGHWtpfIG3Wu,Noctilio leporinus,0.08158397999999993
hFO3NLjmrhnU8ae,Noctilio leporinus,0.5783366900000002
jYTXYVcy9BwJNOb,Noctilio leporinus,0.41359446
xSCXILAei4NZMw2,Noctilio leporinus,2.0631199999999983
LsgX2odo0mnYaP5,Noctilio leporinus,1.2598300000000002
OSxvs7oEKAPZPv6,Noctilio leporinus,0.4303506999999999
XTaUBzmTCU0Eb9H,Noctilio leporinus,0.2607201600000001
pZSZ2S7XtDpnG1c,Noctilio leporinus,0.07291673999999992
Wlx2mlaEC2phUPz,Noctilio leporinus,1.0791330000000003
UPyaHz2d9UU3e56,Noctilio leporinus,1.1872459999999987
CMDizkyMX6dQuxi,Noctilio leporinus,0.0948289999999999
4AWV3vZPdJc9vE0,Noctilio leporinus,2.581482999999998
EA6eaCxrJPUmow5,Noctilio leporinus,0.6394950000000003
DaJhXwN6qank1rN,Noctilio leporinus,0.9658830000000003
lP9lkuUgw1KscQC,Noctilio leporinus,0.3194519999999999
jNlkIfVsfeLgJbj,Noctilio leporinus,0.49664799999999976
linear pool,Leptonycteris yerbabuenae,0.19265861427980033
4AWV3vZPdJc9vE0,Leptonycteris yerbabuenae,0.22755153999999989
GbaxteI1ntVv5RE,Leptonycteris yerbabuenae,0.543928999999999
DaJhXwN6qank1rN,Leptonycteris yerbabuenae,3.9384736999999994
3YYLpKBrhddOTqp,Leptonycteris yerbabuenae,1.7930919999999981
Oug0a3aapOqUZMY,Leptonycteris yerbabuenae,0.4511301499999999
GKKyGHWtpfIG3Wu,Leptonycteris yerbabuenae,0.06001499999999996
xSCXILAei4NZMw2,Leptonycteris yerbabuenae,1.2465509999999986
Wlx2mlaEC2phUPz,Leptonycteris yerbabuenae,0.8786076000000013
qexQ7smFsz1oQIt,Leptonycteris yerbabuenae,0.10331182999999997
UPyaHz2d9UU3e56,Leptonycteris yerbabuenae,0.48921959999999987
auarZ53DQoE8Z8j,Leptonycteris yerbabuenae,0.020000000000000028
6eGTOMfYfRNKfor,Leptonycteris yerbabuenae,1.0117550000000008
qwRqJ5V0eVDnyP0,Leptonycteris yerbabuenae,2.9635849999999992
linear pool,Lasiurus borealis,0.11707160884965559
4AWV3vZPdJc9vE0,Lasiurus borealis,0.2805754499999999
3YYLpKBrhddOTqp,Lasiurus borealis,1.6675527999999984
Oug0a3aapOqUZMY,Lasiurus borealis,0.5194925200000005
XTaUBzmTCU0Eb9H,Lasiurus borealis,0.14755757999999994
GKKyGHWtpfIG3Wu,Lasiurus borealis,0.06357781999999995
xSCXILAei4NZMw2,Lasiurus borealis,0.8410130000000017
CMDizkyMX6dQuxi,Lasiurus borealis,0.1343262999999999
6eGTOMfYfRNKfor,Lasiurus borealis,1.2953839999999999
UPyaHz2d9UU3e56,Lasiurus borealis,0.7513110000000011
linear pool,Idionycteris phyllotis,0.09183093163981436
4AWV3vZPdJc9vE0,Idionycteris phyllotis,0.23252011999999997
q59pk65SNHOdBYz,Idionycteris phyllotis,0.03686860000000001
3YYLpKBrhddOTqp,Idionycteris phyllotis,0.5286040000000005
Oug0a3aapOqUZMY,Idionycteris phyllotis,0.38020730999999997
GKKyGHWtpfIG3Wu,Idionycteris phyllotis,0.02593500000000003
XTaUBzmTCU0Eb9H,Idionycteris phyllotis,0.1204531899999999
CMDizkyMX6dQuxi,Idionycteris phyllotis,0.4541083999999999
Wlx2mlaEC2phUPz,Idionycteris phyllotis,0.933173400000001
qexQ7smFsz1oQIt,Idionycteris phyllotis,0.9317000000000002
jNlkIfVsfeLgJbj,Idionycteris phyllotis,0.5965050000000005
pZSZ2S7XtDpnG1c,Idionycteris phyllotis,0.03013175000000003
LGf03kcKcQgso3t,Idionycteris phyllotis,0.13237399999999988
6eGTOMfYfRNKfor,Idionycteris phyllotis,1.3179670000000003
UPyaHz2d9UU3e56,Idionycteris phyllotis,0.37676399999999993
linear pool,Lasiurus xanthinus,0.08456751186584595
4AWV3vZPdJc9vE0,Lasiurus xanthinus,0.27551996
3YYLpKBrhddOTqp,Lasiurus xanthinus,0.7400810000000014
GKKyGHWtpfIG3Wu,Lasiurus xanthinus,0.04338102
Oug0a3aapOqUZMY,Lasiurus xanthinus,0.5117256900000002
xSCXILAei4NZMw2,Lasiurus xanthinus,0.6687750000000015
CMDizkyMX6dQuxi,Lasiurus xanthinus,0.4148049999999999
jNlkIfVsfeLgJbj,Lasiurus xanthinus,0.5422870000000003
pZSZ2S7XtDpnG1c,Lasiurus xanthinus,0.03013175000000003
6eGTOMfYfRNKfor,Lasiurus xanthinus,0.7639960000000006
UPyaHz2d9UU3e56,Lasiurus xanthinus,0.5733900000000005
linear pool,Chiroderma villosum,0.12994396661336038
Y7qmHSA8qC1zXha,Chiroderma villosum,2.227949999999998
GbaxteI1ntVv5RE,Chiroderma villosum,0.7216884999999983
xSCXILAei4NZMw2,Chiroderma villosum,0.7651980000000005
OSxvs7oEKAPZPv6,Chiroderma villosum,0.2705264999999999
4AWV3vZPdJc9vE0,Chiroderma villosum,1.1366920000000014
lP9lkuUgw1KscQC,Chiroderma villosum,0.24750999999999987
Wlx2mlaEC2phUPz,Chiroderma villosum,0.8353260000000016
CMDizkyMX6dQuxi,Chiroderma villosum,0.10265199999999991
UPyaHz2d9UU3e56,Chiroderma villosum,0.30509479999999994
LGf03kcKcQgso3t,Chiroderma villosum,0.1085223599999999
EA6eaCxrJPUmow5,Chiroderma villosum,2.143514999999998
pZSZ2S7XtDpnG1c,Chiroderma villosum,0.04241199999999991
linear pool,Rhogeessa gracilis,0.037249942555969084
Y7qmHSA8qC1zXha,Rhogeessa gracilis,1.4760709999999984
GKKyGHWtpfIG3Wu,Rhogeessa gracilis,0.05549067999999993
XTaUBzmTCU0Eb9H,Rhogeessa gracilis,0.16608034999999996
4AWV3vZPdJc9vE0,Rhogeessa gracilis,3.505128999999999
Wlx2mlaEC2phUPz,Rhogeessa gracilis,0.7627140000000004
CMDizkyMX6dQuxi,Rhogeessa gracilis,0.08487899999999991
pZSZ2S7XtDpnG1c,Rhogeessa gracilis,0.03013175000000003
UPyaHz2d9UU3e56,Rhogeessa gracilis,0.2475879999999999
linear pool,Nyctinomops aurispinosus,0.043472534602216756
4AWV3vZPdJc9vE0,Nyctinomops aurispinosus,0.23698655999999996
C7vRyRMQgycbE9a,Nyctinomops aurispinosus,0.4437029999999999
pZSZ2S7XtDpnG1c,Nyctinomops aurispinosus,0.029660870000000023
XTaUBzmTCU0Eb9H,Nyctinomops aurispinosus,0.15853434999999996
Wlx2mlaEC2phUPz,Nyctinomops aurispinosus,0.5518190000000003
CMDizkyMX6dQuxi,Nyctinomops aurispinosus,0.06778766999999994
Oug0a3aapOqUZMY,Nyctinomops aurispinosus,0.45625289999999996
6eGTOMfYfRNKfor,Nyctinomops aurispinosus,0.46485599999999994
UPyaHz2d9UU3e56,Nyctinomops aurispinosus,0.6135350000000004
linear pool,Myotis peninsularis,0.04139240767207099
GKKyGHWtpfIG3Wu,Myotis peninsularis,0.12136979999999993
XTaUBzmTCU0Eb9H,Myotis peninsularis,0.18549072000000008
Wlx2mlaEC2phUPz,Myotis peninsularis,0.8922232000000012
CMDizkyMX6dQuxi,Myotis peninsularis,0.07231367
pZSZ2S7XtDpnG1c,Myotis peninsularis,0.03508174999999993
UPyaHz2d9UU3e56,Myotis peninsularis,0.7503850000000012
linear pool,Nyctinomops femorosaccus,0.08311349047212235
4AWV3vZPdJc9vE0,Nyctinomops femorosaccus,0.22448079999999992
pZSZ2S7XtDpnG1c,Nyctinomops femorosaccus,0.03918115999999991
XTaUBzmTCU0Eb9H,Nyctinomops femorosaccus,0.13438405999999992
Wlx2mlaEC2phUPz,Nyctinomops femorosaccus,0.8779130000000013
CMDizkyMX6dQuxi,Nyctinomops femorosaccus,0.6456279000000005
6eGTOMfYfRNKfor,Nyctinomops femorosaccus,0.4481039999999999
UPyaHz2d9UU3e56,Nyctinomops femorosaccus,0.751108000000001
linear pool,Nycticeius humeralis,0.03747309081507541
4AWV3vZPdJc9vE0,Nycticeius humeralis,0.233198
XTaUBzmTCU0Eb9H,Nycticeius humeralis,0.11542163999999991
Wlx2mlaEC2phUPz,Nycticeius humeralis,0.6387790000000003
CMDizkyMX6dQuxi,Nycticeius humeralis,0.25537699999999997
GKKyGHWtpfIG3Wu,Nycticeius humeralis,0.022965000000000034
6eGTOMfYfRNKfor,Nycticeius humeralis,0.7156430000000004
UPyaHz2d9UU3e56,Nycticeius humeralis,0.760294000000001
linear pool,Myotis melanorhinus,0.122117979192782
4AWV3vZPdJc9vE0,Myotis melanorhinus,0.25210879999999997
Oug0a3aapOqUZMY,Myotis melanorhinus,0.46922807999999994
GKKyGHWtpfIG3Wu,Myotis melanorhinus,0.049225380000000006
CMDizkyMX6dQuxi,Myotis melanorhinus,0.19302739999999996
qexQ7smFsz1oQIt,Myotis melanorhinus,0.12973894999999996
jNlkIfVsfeLgJbj,Myotis melanorhinus,0.8330960000000015
3YYLpKBrhddOTqp,Myotis melanorhinus,0.4784509999999999
UPyaHz2d9UU3e56,Myotis melanorhinus,0.6468830000000012
linear pool,Lasionycteris noctivagans,0.054392642218305746
4AWV3vZPdJc9vE0,Lasionycteris noctivagans,0.13885299999999995
Oug0a3aapOqUZMY,Lasionycteris noctivagans,0.5347141900000004
GKKyGHWtpfIG3Wu,Lasionycteris noctivagans,0.026355000000000028
XTaUBzmTCU0Eb9H,Lasionycteris noctivagans,0.1138186099999999
xSCXILAei4NZMw2,Lasionycteris noctivagans,0.37685299999999994
Wlx2mlaEC2phUPz,Lasionycteris noctivagans,0.8107740000000009
CMDizkyMX6dQuxi,Lasionycteris noctivagans,0.2852759999999999
3YYLpKBrhddOTqp,Lasionycteris noctivagans,0.7312110000000016
LGf03kcKcQgso3t,Lasionycteris noctivagans,0.20734399999999995
UPyaHz2d9UU3e56,Lasionycteris noctivagans,0.6732670000000012
linear pool,Myotis auriculus,0.09250027418610235
q59pk65SNHOdBYz,Myotis auriculus,0.07255321999999996
3YYLpKBrhddOTqp,Myotis auriculus,0.7915380000000015
Oug0a3aapOqUZMY,Myotis auriculus,0.5241358900000004
XTaUBzmTCU0Eb9H,Myotis auriculus,0.0963028999999999
GKKyGHWtpfIG3Wu,Myotis auriculus,0.04928568
CMDizkyMX6dQuxi,Myotis auriculus,0.1898289999999999
Wlx2mlaEC2phUPz,Myotis auriculus,0.7998326000000012
4AWV3vZPdJc9vE0,Myotis auriculus,3.1854809999999993
pZSZ2S7XtDpnG1c,Myotis auriculus,0.03980899999999992
6eGTOMfYfRNKfor,Myotis auriculus,1.0368120000000003
UPyaHz2d9UU3e56,Myotis auriculus,1.0626830000000003
linear pool,Micronycteris schmidtorum,0.10374676153419445
lP9lkuUgw1KscQC,Micronycteris schmidtorum,0.6061910000000017
C7vRyRMQgycbE9a,Micronycteris schmidtorum,0.1588625999999999
OSxvs7oEKAPZPv6,Micronycteris schmidtorum,0.2655757999999999
4AWV3vZPdJc9vE0,Micronycteris schmidtorum,3.504925999999999
Wlx2mlaEC2phUPz,Micronycteris schmidtorum,0.7917050000000009
CMDizkyMX6dQuxi,Micronycteris schmidtorum,0.041795529999999914
EA6eaCxrJPUmow5,Micronycteris schmidtorum,1.4082199999999987
UPyaHz2d9UU3e56,Micronycteris schmidtorum,0.2089069999999999
GbaxteI1ntVv5RE,Micronycteris schmidtorum,0.3898830000000001
xSCXILAei4NZMw2,Micronycteris schmidtorum,0.6800500000000014
hFO3NLjmrhnU8ae,Micronycteris schmidtorum,0.1788559999999999
linear pool,Uroderma davisi,0.09935394375603282
lP9lkuUgw1KscQC,Uroderma davisi,1.1160009999999982
GKKyGHWtpfIG3Wu,Uroderma davisi,0.0949774199999999
XTaUBzmTCU0Eb9H,Uroderma davisi,0.18417913999999994
4AWV3vZPdJc9vE0,Uroderma davisi,3.0454629999999985
Wlx2mlaEC2phUPz,Uroderma davisi,0.7712910000000003
CMDizkyMX6dQuxi,Uroderma davisi,0.07679166999999992
j7itNS3nKzaTkmi,Uroderma davisi,0.4087329999999999
pZSZ2S7XtDpnG1c,Uroderma davisi,0.01890400000000003
UPyaHz2d9UU3e56,Uroderma davisi,0.3943349999999999
xSCXILAei4NZMw2,Uroderma davisi,1.1651449999999983
linear pool,Platyrrhinus helleri,0.15000672103882204
GbaxteI1ntVv5RE,Platyrrhinus helleri,0.48401840000000007
GKKyGHWtpfIG3Wu,Platyrrhinus helleri,0.0793333999999999
4AWV3vZPdJc9vE0,Platyrrhinus helleri,2.9467809999999988
Wlx2mlaEC2phUPz,Platyrrhinus helleri,0.7015840000000002
xSCXILAei4NZMw2,Platyrrhinus helleri,0.3374673999999999
CMDizkyMX6dQuxi,Platyrrhinus helleri,0.08198099999999989
EA6eaCxrJPUmow5,Platyrrhinus helleri,1.9186499999999989
UPyaHz2d9UU3e56,Platyrrhinus helleri,0.41279099999999985
hFO3NLjmrhnU8ae,Platyrrhinus helleri,0.4700047999999999
linear pool,Tonatia bakeri,0.10913283668626396
GbaxteI1ntVv5RE,Tonatia bakeri,0.5185719999999996
GKKyGHWtpfIG3Wu,Tonatia bakeri,0.07865948999999992
Wlx2mlaEC2phUPz,Tonatia bakeri,0.6216610000000002
CMDizkyMX6dQuxi,Tonatia bakeri,0.05013767000000001
4AWV3vZPdJc9vE0,Tonatia bakeri,1.8100059999999982
UPyaHz2d9UU3e56,Tonatia bakeri,0.2779819999999999
linear pool,Eumops perotis,0.04728018091751421
3YYLpKBrhddOTqp,Eumops perotis,0.9708940000000017
GKKyGHWtpfIG3Wu,Eumops perotis,0.025955000000000034
Oug0a3aapOqUZMY,Eumops perotis,0.40845320999999996
Wlx2mlaEC2phUPz,Eumops perotis,0.4721274999999999
CMDizkyMX6dQuxi,Eumops perotis,0.4542729999999998
UPyaHz2d9UU3e56,Eumops perotis,0.3159089999999999
4AWV3vZPdJc9vE0,Eumops perotis,2.7781649999999987
auarZ53DQoE8Z8j,Eumops perotis,0.0010999999999999996
pZSZ2S7XtDpnG1c,Eumops perotis,0.03013175000000003
6eGTOMfYfRNKfor,Eumops perotis,0.5602270000000005
7r7Ys7dDyQVMFek,Eumops perotis,0.5558636200000001
linear pool,Chiroderma salvini,0.09794886152854314
xSCXILAei4NZMw2,Chiroderma salvini,0.6859980000000004
Oug0a3aapOqUZMY,Chiroderma salvini,0.6450916600000005
pZSZ2S7XtDpnG1c,Chiroderma salvini,0.047233999999999936
4AWV3vZPdJc9vE0,Chiroderma salvini,2.9633469999999984
lP9lkuUgw1KscQC,Chiroderma salvini,1.194577799999998
OSxvs7oEKAPZPv6,Chiroderma salvini,0.15023999999999993
Wlx2mlaEC2phUPz,Chiroderma salvini,0.7154980000000005
UPyaHz2d9UU3e56,Chiroderma salvini,0.4349319999999999
CMDizkyMX6dQuxi,Chiroderma salvini,0.0927019999999999
C7vRyRMQgycbE9a,Chiroderma salvini,0.1826919999999999
linear pool,Pteronotus gymnonotus,0.016494357127134027
xSCXILAei4NZMw2,Pteronotus gymnonotus,0.6915900000000004
4AWV3vZPdJc9vE0,Pteronotus gymnonotus,2.2793222999999996
GKKyGHWtpfIG3Wu,Pteronotus gymnonotus,0.06037399999999993
XTaUBzmTCU0Eb9H,Pteronotus gymnonotus,0.14218876999999996
OSxvs7oEKAPZPv6,Pteronotus gymnonotus,0.2107799999999999
Wlx2mlaEC2phUPz,Pteronotus gymnonotus,0.9442670000000015
CMDizkyMX6dQuxi,Pteronotus gymnonotus,0.050625999999999984
UPyaHz2d9UU3e56,Pteronotus gymnonotus,0.5974750000000011
DaJhXwN6qank1rN,Pteronotus gymnonotus,0.2660129999999999
FDFyaiOK1meiZh3,Pteronotus gymnonotus,0.43897199999999986
EA6eaCxrJPUmow5,Pteronotus gymnonotus,1.0071000000000006
linear pool,Phylloderma stenops,0.18125628253031006
GKKyGHWtpfIG3Wu,Phylloderma stenops,0.10256431999999992
XTaUBzmTCU0Eb9H,Phylloderma stenops,0.17989022
4AWV3vZPdJc9vE0,Phylloderma stenops,2.254468999999999
Wlx2mlaEC2phUPz,Phylloderma stenops,1.0042450000000012
CMDizkyMX6dQuxi,Phylloderma stenops,0.20322599999999988
C7vRyRMQgycbE9a,Phylloderma stenops,0.5434280000000005
EA6eaCxrJPUmow5,Phylloderma stenops,2.2336869999999984
UPyaHz2d9UU3e56,Phylloderma stenops,0.2692529999999999
linear pool,Rhogeessa alleni,0.08705197594558917
GKKyGHWtpfIG3Wu,Rhogeessa alleni,0.051045639999999996
XTaUBzmTCU0Eb9H,Rhogeessa alleni,0.14535329999999996
Wlx2mlaEC2phUPz,Rhogeessa alleni,0.39671199999999984
UPyaHz2d9UU3e56,Rhogeessa alleni,0.47567699999999996
4AWV3vZPdJc9vE0,Rhogeessa alleni,2.009255999999999
qexQ7smFsz1oQIt,Rhogeessa alleni,0.14389840999999998
CMDizkyMX6dQuxi,Rhogeessa alleni,0.11174066999999993
xrpNBpZuCR6uzGO,Rhogeessa alleni,0.4854559999999999
LGf03kcKcQgso3t,Rhogeessa alleni,0.13237399999999988
xSCXILAei4NZMw2,Rhogeessa alleni,0.8208060000000004
linear pool,Rhogeessa bickhami,0.06641893777798928
GKKyGHWtpfIG3Wu,Rhogeessa bickhami,0.046340000000000006
XTaUBzmTCU0Eb9H,Rhogeessa bickhami,0.14744551999999994
Wlx2mlaEC2phUPz,Rhogeessa bickhami,0.5974400000000003
CMDizkyMX6dQuxi,Rhogeessa bickhami,0.1250519999999999
4AWV3vZPdJc9vE0,Rhogeessa bickhami,2.5197889999999985
UPyaHz2d9UU3e56,Rhogeessa bickhami,0.28912699999999986
linear pool,Rhogeessa genowaysi,0.07580008153329179
GKKyGHWtpfIG3Wu,Rhogeessa genowaysi,0.05487697999999993
XTaUBzmTCU0Eb9H,Rhogeessa genowaysi,0.16839661999999997
4AWV3vZPdJc9vE0,Rhogeessa genowaysi,3.2574669999999983
Wlx2mlaEC2phUPz,Rhogeessa genowaysi,0.45541499999999996
CMDizkyMX6dQuxi,Rhogeessa genowaysi,0.1843039999999999
UPyaHz2d9UU3e56,Rhogeessa genowaysi,0.2257149999999999
linear pool,Rhogeessa mira,0.0907288821113459
GKKyGHWtpfIG3Wu,Rhogeessa mira,0.055209999999999926
XTaUBzmTCU0Eb9H,Rhogeessa mira,0.1332078999999999
4AWV3vZPdJc9vE0,Rhogeessa mira,5.593881
Wlx2mlaEC2phUPz,Rhogeessa mira,0.6036310000000005
Oug0a3aapOqUZMY,Rhogeessa mira,0.6403249700000014
CMDizkyMX6dQuxi,Rhogeessa mira,0.1365319999999999
pZSZ2S7XtDpnG1c,Rhogeessa mira,0.03980899999999992
UPyaHz2d9UU3e56,Rhogeessa mira,1.1238720000000006
linear pool,Trinycteris nicefori,0.05816136447692003
GKKyGHWtpfIG3Wu,Trinycteris nicefori,0.0949159999999999
XTaUBzmTCU0Eb9H,Trinycteris nicefori,0.14538931999999996
Wlx2mlaEC2phUPz,Trinycteris nicefori,0.6523760000000002
CMDizkyMX6dQuxi,Trinycteris nicefori,0.042316580000000006
4AWV3vZPdJc9vE0,Trinycteris nicefori,2.132352000000001
EA6eaCxrJPUmow5,Trinycteris nicefori,2.9770809999999983
UPyaHz2d9UU3e56,Trinycteris nicefori,0.28461943999999983
pZSZ2S7XtDpnG1c,Trinycteris nicefori,0.03013175000000003
linear pool,Uroderma convexum,0.06264266732067218
GKKyGHWtpfIG3Wu,Uroderma convexum,0.06914663999999993
XTaUBzmTCU0Eb9H,Uroderma convexum,0.21445885999999995
4AWV3vZPdJc9vE0,Uroderma convexum,3.028868999999999
UPyaHz2d9UU3e56,Uroderma convexum,0.7735190000000013
CMDizkyMX6dQuxi,Uroderma convexum,0.09395428999999991
EA6eaCxrJPUmow5,Uroderma convexum,0.8758856000000004
xSCXILAei4NZMw2,Uroderma convexum,0.880787000000002
Wlx2mlaEC2phUPz,Uroderma convexum,0.5526690000000002
pZSZ2S7XtDpnG1c,Uroderma convexum,0.03013175000000003
linear pool,Eumops ferox,0.07518872352366741
0Jt806BefXEix5s,Eumops ferox,0.09484819999999992
OSxvs7oEKAPZPv6,Eumops ferox,0.1828363999999999
Wlx2mlaEC2phUPz,Eumops ferox,0.5363010000000002
4AWV3vZPdJc9vE0,Eumops ferox,4.004494999999999
UPyaHz2d9UU3e56,Eumops ferox,0.44426999999999994
LGf03kcKcQgso3t,Eumops ferox,0.06174435999999992
pZSZ2S7XtDpnG1c,Eumops ferox,0.03013175000000003
7r7Ys7dDyQVMFek,Eumops ferox,0.5158779800000001
linear pool,Myotis evotis,0.13324399382026758
XTaUBzmTCU0Eb9H,Myotis evotis,0.1204531899999999
GKKyGHWtpfIG3Wu,Myotis evotis,0.03962500000000001
CMDizkyMX6dQuxi,Myotis evotis,0.23673759999999988
4AWV3vZPdJc9vE0,Myotis evotis,3.255186899999999
Wlx2mlaEC2phUPz,Myotis evotis,0.4487579999999999
3YYLpKBrhddOTqp,Myotis evotis,0.4808189999999999
UPyaHz2d9UU3e56,Myotis evotis,1.381009999999999
linear pool,Myotis nigricans,0.014818044837083884
Wlx2mlaEC2phUPz,Myotis nigricans,0.6381960000000003
GKKyGHWtpfIG3Wu,Myotis nigricans,0.02318500000000003
UPyaHz2d9UU3e56,Myotis nigricans,0.1960757999999999
FDFyaiOK1meiZh3,Myotis nigricans,0.11333989999999997
linear pool,Eumops auripendulus,0.1117788534640851
GKKyGHWtpfIG3Wu,Eumops auripendulus,0.02293576000000003
CMDizkyMX6dQuxi,Eumops auripendulus,0.08188282
4AWV3vZPdJc9vE0,Eumops auripendulus,2.7980930999999987
Wlx2mlaEC2phUPz,Eumops auripendulus,0.7431126000000005
UPyaHz2d9UU3e56,Eumops auripendulus,0.4851569999999999
linear pool,Molossus molossus,0.04180845564167718
CMDizkyMX6dQuxi,Molossus molossus,0.08252799999999993
GKKyGHWtpfIG3Wu,Molossus molossus,0.03227341
Wlx2mlaEC2phUPz,Molossus molossus,0.7658180000000006
4AWV3vZPdJc9vE0,Molossus molossus,2.9893319999999988
pZSZ2S7XtDpnG1c,Molossus molossus,0.03013175000000003
UPyaHz2d9UU3e56,Molossus molossus,0.4677029999999999
